Feature,Importance
OverallQual,0.5943954354153355
GrLivArea,0.23833670431842596
YearBuilt,0.08945473581046852
GarageCars,0.03801793048602221
BedroomAbvGr,0.026502617270533935
FullBath,0.01329257669921387
