Metric,Value
R2 Score,0.8826732260192043
MAE,20287.63457199935
RMSE,29998.910468042304
Average CV R2,0.8194282931503919
